{
  "coco": {
    "YOLOv5u": {
      "latency": [
        2.050314723310028,
        2.076067098488623,
        2.635462787265444,
        3.2945672585905843,
        4.780114722753346
      ],
      "ap_all": [
        0.3406044760358053,
        0.4287960118254203,
        0.48862362676953963,
        0.5222914237713375,
        0.53295710174614
      ],
      "ap_small": [
        0.1631640827942016,
        0.22732466244738295,
        0.28155391753871767,
        0.31600198863763795,
        0.3306544041616078
      ],
      "ap50_small": [
        0.2024975844782704,
        0.2431569576598194,
        0.2665247213543856,
        0.2806567704347381,
        0.2872786605664562
      ],
      "params": [
        2.654816,
        9.153152,
        25.111456,
        53.225024,
        97.276448
      ],
      "labels": [
        "yolov5nu",
        "yolov5su",
        "yolov5mu",
        "yolov5lu",
        "yolov5xu"
      ],
      "color": "#9B59B6"
    },
    "YOLO11": {
      "latency": [
        2.1593142018095053,
        2.125579220337542,
        2.9229510113410497,
        3.432062326251845,
        4.414036636504083
      ],
      "ap_all": [
        0.39192522118342127,
        0.46783444232090915,
        0.51481996673189,
        0.5334502564541714,
        0.5480187497816813
      ],
      "ap_small": [
        0.18260473668972968,
        0.26400842111863165,
        0.3142896025904204,
        0.32985001825569743,
        0.3527304089916163
      ],
      "ap50_small": [
        0.21825941240221364,
        0.2554382122406377,
        0.27934723989464955,
        0.2869004648430676,
        0.2914071030706086
      ],
      "params": [
        2.62408,
        9.458752,
        20.114688,
        25.37216,
        56.966176
      ],
      "labels": [
        "yolo11n",
        "yolo11s",
        "yolo11m",
        "yolo11l",
        "yolo11x"
      ],
      "color": "#1E3A8A"
    },
    "RT-DETR-Ultralytics": {
      "latency": [
        7.130633200228179,
        10.682619378271552
      ],
      "ap_all": [
        0.5207440172102716,
        0.5373491902900334
      ],
      "ap_small": [
        0.3215912399603375,
        0.330294335482549
      ],
      "ap50_small": [
        0.2764548213039155,
        0.2818845456587507
      ],
      "params": [
        32.970476,
        67.467852
      ],
      "labels": [
        "rtdetr-l",
        "rtdetr-x"
      ],
      "color": "#92D050"
    },
    "RT-DETR-HF": {
      "latency": [],
      "ap_all": [],
      "ap_small": [],
      "ap50_small": [],
      "params": [],
      "labels": [],
      "color": null
    },
    "RT-DETRv2": {
      "latency": [],
      "ap_all": [],
      "ap_small": [],
      "ap50_small": [],
      "params": [],
      "labels": [],
      "color": null
    }
  },
  "openimages": {
    "YOLOv5u": {
      "latency": [
        1.7899654536667444,
        2.071165237562653,
        2.695127210004312,
        3.326458652118954,
        4.609569466211856
      ],
      "ap_all": [
        0.1752045938656888,
        0.24067658441080766,
        0.3250515690650275,
        0.35823450165773685,
        0.38081026296602444
      ],
      "ap_small": [
        0.04986602537412737,
        0.052531883357721104,
        0.05285862284701189,
        0.06998572467144171,
        0.06696893072969273
      ],
      "ap50_small": [
        0.23723662044291266,
        0.2842378304048706,
        0.3721557974565728,
        0.3949616149366405,
        0.401612838709153
      ],
      "params": [
        2.654816,
        9.153152,
        25.111456,
        53.225024,
        97.276448
      ],
      "labels": [
        "yolov5nu",
        "yolov5su",
        "yolov5mu",
        "yolov5lu",
        "yolov5xu"
      ],
      "color": "#9B59B6"
    },
    "YOLO11": {
      "latency": [
        2.1353377036578336,
        2.0614306328592042,
        2.9374614458185238,
        3.3256842595364,
        4.649432769202157
      ],
      "ap_all": [
        0.24326403992555032,
        0.34116143292860684,
        0.3573502750806937,
        0.37070337266374276,
        0.3773353359213798
      ],
      "ap_small": [
        0.05560684595335736,
        0.05303852146295141,
        0.06821978886731599,
        0.06238766004081173,
        0.06239282245897293
      ],
      "ap50_small": [
        0.3033560280245604,
        0.3623585848329399,
        0.38324653298867684,
        0.3907077854211528,
        0.40871926037115863
      ],
      "params": [
        2.62408,
        9.458752,
        20.114688,
        25.37216,
        56.966176
      ],
      "labels": [
        "yolo11n",
        "yolo11s",
        "yolo11m",
        "yolo11l",
        "yolo11x"
      ],
      "color": "#1E3A8A"
    },
    "RT-DETR-Ultralytics": {
      "latency": [
        7.4117995849392235,
        10.291242152927857
      ],
      "ap_all": [
        0.45780786481267216,
        0.4928235015925674
      ],
      "ap_small": [
        0.06554901133256191,
        0.07450685268405134
      ],
      "ap50_small": [
        0.45374979206289695,
        0.4606689219723981
      ],
      "params": [
        32.970476,
        67.467852
      ],
      "labels": [
        "rtdetr-l",
        "rtdetr-x"
      ],
      "color": "#92D050"
    },
    "RT-DETR-HF": {
      "latency": [],
      "ap_all": [],
      "ap_small": [],
      "ap50_small": [],
      "params": [],
      "labels": [],
      "color": null
    },
    "RT-DETRv2": {
      "latency": [],
      "ap_all": [],
      "ap_small": [],
      "ap50_small": [],
      "params": [],
      "labels": [],
      "color": null
    }
  }
}